<?xml version="1.0"?>
<!DOCTYPE hibernate-mapping PUBLIC "-//Hibernate/Hibernate Mapping DTD 3.0//EN"
"http://hibernate.sourceforge.net/hibernate-mapping-3.0.dtd">
<!-- Generated 26-nov-2011 14:00:42 by Hibernate Tools 3.2.1.GA -->
<hibernate-mapping>
    <class name="HBM.Dewey" table="dewey" catalog="jbiblos">
        <id name="categoriaDewey" type="short">
            <column name="categoria_dewey" />
            <generator class="assigned" />
        </id>
        <property name="nombreCategoriaDewey" type="string">
            <column name="nombre_categoria_dewey" length="20" not-null="true" />
        </property>
        <set name="titulos" inverse="true">
            <key>
                <column name="dewey_categoria_dewey" not-null="true" />
            </key>
            <one-to-many class="HBM.Titulo" />
        </set>
    </class>
</hibernate-mapping>
