<?xml version="1.0"?>
<!DOCTYPE hibernate-mapping PUBLIC "-//Hibernate/Hibernate Mapping DTD 3.0//EN"
"http://hibernate.sourceforge.net/hibernate-mapping-3.0.dtd">
<!-- Generated 26-nov-2011 14:00:42 by Hibernate Tools 3.2.1.GA -->
<hibernate-mapping>
    <class name="HBM.Editorial" table="editorial" catalog="jbiblos">
        <id name="idEditorial" type="java.lang.Short">
            <column name="id_editorial" />
            <generator class="identity" />
        </id>
        <property name="nombreEditorial" type="string">
            <column name="nombre_editorial" length="45" not-null="true" />
        </property>
        <set name="titulos" inverse="true">
            <key>
                <column name="editorial_id_editorial" not-null="true" />
            </key>
            <one-to-many class="HBM.Titulo" />
        </set>
    </class>
</hibernate-mapping>
